<!DOCTYPE hibernate-mapping PUBLIC "-//Hibernate/Hibernate Mapping DTD 3.0//EN"
        "http://hibernate.sourceforge.net/hibernate-mapping-3.0.dtd">
<hibernate-mapping package="com.example">
    <class name="Person" table="person">
        <id name="id" column="person_id">
            <generator class="native"/>
        </id>
        <property name="name"/>

        <!-- One-to-Many with List -->
          <list name="addressesList" table="person_address_list" cascade="all">
            <key column="person_id"/>
            <index column="list_index" type="integer"/>
            <one-to-many class="com.example.Address"/>
        </list>

        <!-- One-to-Many with Set -->
        <set name="addressesSet" cascade="all">
            <key column="person_id"/>
            <one-to-many class="com.example.Address"/>
        </set>

        <!-- One-to-Many with Bag -->
        <bag name="addressesBag" cascade="all">
            <key column="person_id"/>
            <one-to-many class="com.example.Address"/>
        </bag>

        <!-- One-to-Many with Map -->
        <map name="addressesMap" cascade="all">
            <key column="person_id"/>
            <map-key column="address_type" type="string"/>
            <one-to-many class="com.example.Address"/>
        </map>
    </class>
</hibernate-mapping>
