<?xml version="1.0" encoding="UTF-8"?>
<!-- collection of objects -->
<beans xmlns = "http://www.springframework.org/schema/beans"
   xmlns:xsi = "http://www.w3.org/2001/XMLSchema-instance"
   xsi:schemaLocation = "http://www.springframework.org/schema/beans
   http://www.springframework.org/schema/beans/spring-beans-3.0.xsd">
<!-- each object -->

<bean class="org.springframework.jdbc.datasource.DriverManagerDataSource " name="ds">
<property name="driverClassName"  value="com.mysql.cj.jdbc.Driver"/>
<property name="url"  value="jdbc:mysql://localhost:3306/springjdbc"/>
<property name="username"  value="root"/>
<property name="password"  value="rakesh"/>

</bean>

<bean class="org.springframework.jdbc.core.JdbcTemplate" name="jdbcTemplate">

<property name="dataSource" >
<ref bean="ds"></ref>
</property>
</bean>
<bean class="com.example.dao.StudentDAOimpl" name="studentdao">
<property name="jdbcTemplate" ref="jdbcTemplate"></property>
</bean>

</beans>