<?xml version="1.0" encoding="UTF-8"?>
<!DOCTYPE hibernate-configuration PUBLIC
		"-//Hibernate/Hibernate Configuration DTD 3.0//EN"
		"http://www.hibernate.org/dtd/hibernate-configuration-3.0.dtd">
<hibernate-configuration>
    <session-factory>
    <!-- db driver , connection -->
        <property name="hibernate.connection.driver_class">com.mysql.cj.jdbc.Driver</property>
        <property name="hibernate.connection.url">jdbc:mysql://localhost/mydatabase</property>
        <property name="hibernate.connection.username">root</property>
        <property name="hibernate.connection.password">rakesh</property>
        <property name="hibernate.dialect">org.hibernate.dialect.MySQL8Dialect</property>
    <!-- hibernate config  -->
    <property name="hbm2ddl.auto">update</property>
    <property name="show_sql">true</property>
 <mapping class="YourEntity"/>
  
    </session-factory>
</hibernate-configuration>

		