<?xml version="1.0" encoding="UTF-8"?>
<!-- collection of objects -->
<beans xmlns = "http://www.springframework.org/schema/beans"
   xmlns:xsi = "http://www.w3.org/2001/XMLSchema-instance"
   xsi:schemaLocation = "http://www.springframework.org/schema/beans
   http://www.springframework.org/schema/beans/spring-beans-3.0.xsd">
<!-- each object -->
<bean id="airtel" class="com.example.Airtel">
<property name="signal" value="strong"></property>
</bean>   

<bean id="idea" class="com.example.Idea">
<constructor-arg name="signal" value="poor"></constructor-arg>
</bean> 


<bean id="capacinoo" class="com.example.Capacinoo"></bean>   
<bean id="expresoo" class="com.example.Expresoo"></bean> 


   
   
</beans>

